Gen,archiveSampleNum
0, 0
1, 2
2, 6
3, 11
4, 18
5, 26
6, 33
7, 36
8, 40
9, 43
10, 48
11, 52
12, 60
13, 67
14, 79
15, 85
16, 91
17, 99
18, 102
19, 110
20, 116
21, 120
22, 123
23, 123
24, 124
25, 127
26, 129
27, 130
28, 133
29, 134
30, 134
31, 136
32, 137
33, 138
34, 140
35, 141
36, 141
37, 142
38, 143
39, 148
40, 149
41, 149
42, 150
43, 153
44, 153
45, 154
46, 156
47, 157
48, 157
49, 158
50, 159
51, 160
52, 161
53, 164
54, 164
55, 165
56, 165
57, 165
58, 166
59, 166
60, 166
61, 166
62, 166
63, 167
64, 167
65, 167
66, 167
67, 167
68, 167
69, 167
70, 167
71, 167
72, 167
73, 167
74, 167
75, 167
76, 168
77, 168
78, 168
79, 169
80, 169
81, 169
82, 169
83, 169
84, 169
85, 169
86, 169
87, 169
88, 171
89, 171
90, 172
91, 172
92, 172
93, 172
94, 172
95, 172
96, 172
97, 172
98, 173
99, 173
100, 1
101, 1
102, 8
103, 8
104, 8
105, 8
106, 9
107, 9
108, 9
109, 9
110, 9
111, 9
112, 9
113, 9
114, 9
115, 9
116, 10
117, 10
118, 10
119, 10
120, 10
121, 11
122, 11
123, 11
124, 11
125, 11
126, 12
127, 12
128, 12
129, 12
130, 12
131, 12
132, 12
133, 12
134, 12
135, 12
136, 12
137, 12
138, 12
139, 12
140, 12
141, 12
142, 12
143, 12
144, 12
145, 12
146, 12
147, 12
148, 12
149, 12
150, 12
151, 12
152, 12
153, 12
154, 12
155, 12
156, 12
157, 12
158, 12
159, 12
160, 12
161, 12
162, 12
163, 12
164, 12
165, 12
166, 12
167, 12
168, 12
169, 12
170, 12
171, 12
172, 12
173, 12
174, 12
175, 12
176, 12
177, 12
178, 12
179, 13
180, 13
181, 15
182, 15
183, 15
184, 15
185, 15
186, 15
187, 15
188, 15
189, 15
190, 15
191, 15
192, 15
193, 15
194, 15
195, 15
196, 15
197, 15
198, 15
199, 15
200, 1
201, 4
202, 8
203, 10
204, 14
205, 15
206, 17
207, 18
208, 19
209, 21
210, 23
211, 23
212, 23
213, 24
214, 24
215, 25
216, 25
217, 26
218, 26
219, 26
220, 26
221, 27
222, 27
223, 27
224, 27
225, 27
226, 27
227, 27
228, 28
229, 28
230, 28
231, 28
232, 29
233, 29
234, 29
235, 29
236, 29
237, 29
238, 31
239, 31
240, 31
241, 31
242, 31
243, 31
244, 31
245, 31
246, 31
247, 31
248, 31
249, 31
250, 31
251, 31
252, 31
253, 32
254, 33
255, 34
256, 35
257, 36
258, 36
259, 36
260, 36
261, 36
262, 37
263, 39
264, 39
265, 39
266, 39
267, 39
268, 39
269, 39
270, 39
271, 39
272, 39
273, 39
274, 39
275, 39
276, 39
277, 39
278, 39
279, 39
280, 39
281, 39
282, 39
283, 39
284, 39
285, 39
286, 39
287, 39
288, 39
289, 39
290, 39
291, 39
292, 39
293, 40
294, 40
295, 40
296, 40
297, 40
298, 40
299, 40
300, 1
301, 8
302, 11
303, 11
304, 11
305, 14
306, 16
307, 22
308, 23
309, 24
310, 25
311, 26
312, 27
313, 27
314, 28
315, 29
316, 29
317, 31
318, 31
319, 31
320, 32
321, 32
322, 32
323, 32
324, 32
325, 32
326, 32
327, 32
328, 32
329, 33
330, 33
331, 36
332, 36
333, 36
334, 36
335, 38
336, 38
337, 39
338, 42
339, 42
340, 42
341, 42
342, 42
343, 42
344, 42
345, 42
346, 42
347, 42
348, 42
349, 42
350, 42
351, 42
352, 43
353, 43
354, 43
355, 44
356, 44
357, 45
358, 45
359, 45
360, 46
361, 46
362, 47
363, 47
364, 47
365, 47
366, 48
367, 48
368, 48
369, 48
370, 48
371, 48
372, 50
373, 51
374, 51
375, 51
376, 51
377, 51
378, 51
379, 51
380, 53
381, 53
382, 53
383, 54
384, 54
385, 54
386, 54
387, 54
388, 54
389, 54
390, 54
391, 54
392, 54
393, 54
394, 54
395, 54
396, 54
397, 54
398, 54
399, 54
