Gen,meanPCDistance0
100, 10.48993983376466
101, 6.396688568565691
102, 2.1147270968787324
103, 0.0
104, 0.09291502622129182
105, 0.0
106, 0.0
107, 0.0
108, 0.0
109, 0.0
110, 0.0
111, 0.0
112, 0.0
113, 0.06928203230275509
114, 0.0
115, 0.0
116, 0.06
117, 0.24
118, 1.56
119, 3.0
120, 3.0
121, 3.01211102550928
122, 3.0
123, 3.0
124, 3.0
125, 3.0
126, 2.76
127, 3.0
128, 3.0
129, 3.0
130, 3.0
131, 3.0
132, 3.0
133, 3.0
134, 3.0063324958071083
135, 3.0
136, 2.88
137, 3.0
138, 2.88
139, 3.0
140, 3.0
141, 3.0
142, 2.92
143, 3.0
144, 3.0
145, 3.0
146, 3.0
147, 3.0
148, 2.88
149, 2.44
150, 3.0
151, 3.0
152, 3.0063324958071083
153, 3.0
154, 3.01211102550928
155, 2.88
156, 2.88
157, 3.0
158, 2.88
159, 2.76
160, 3.01211102550928
161, 2.872666153055679
162, 3.0
163, 3.0
164, 3.0
165, 3.0
166, 2.88
167, 2.88
168, 3.0
169, 2.88
170, 3.0
171, 3.0
172, 3.0
173, 3.0
174, 2.88
175, 2.8
176, 3.0
177, 3.0
178, 3.0
179, 3.0294427190999915
180, 3.17665631459995
181, 2.9516515138991166
182, 3.0
183, 2.88
184, 3.0
185, 3.0
186, 3.0
187, 3.0
188, 3.0
189, 3.0
190, 3.0
191, 2.76
192, 3.0
193, 2.88
194, 2.46
195, 3.0
196, 3.0
197, 3.0
198, 3.0
199, 3.0
200, 11.026763814943664, 13.80666164745202
201, 7.375612287003223, 8.81891043426258
202, 4.363696501325327, 3.747614408761797
203, 6.941711849122803, 8.271645794441847
204, 6.879463612832804, 9.641520456202535
205, 6.313169405625036, 9.957163293888584
206, 6.539522983961085, 10.209120237317736
207, 6.677658486368593, 10.28847920377892
208, 6.503162679319819, 10.189555431601336
209, 6.416779919181422, 10.124472876060373
210, 6.710145811197076, 10.318306310195844
211, 6.924557156113257, 10.463549526628293
212, 6.350516617958193, 10.085598698596192
213, 6.537092061377914, 10.203806400597706
214, 6.568652962250898, 10.220443176821192
215, 6.359215794049517, 10.191160568663463
216, 6.298303126316274, 10.194235849708846
217, 6.274512288482603, 10.078843509386669
218, 6.35355422592176, 10.087574701579623
219, 6.28452905503221, 10.03288784678298
220, 6.261204205946615, 10.074483859496164
221, 6.270158888145108, 10.085627447718855
222, 6.375120233208849, 10.23725518531518
223, 6.330559787322151, 10.202480029951953
224, 6.3200465502368965, 10.086225598142281
225, 6.21845902690796, 10.011036469693098
226, 6.019897108668017, 9.921107114741556
227, 6.401753670148204, 10.144531915201714
228, 6.23853803766707, 10.080464331345945
229, 6.364388103835691, 10.211078718325727
230, 6.3446013731793185, 10.211941033283711
231, 6.596360841225775, 10.316133228062538
232, 7.210310719210705, 10.850857542353628
233, 6.965566460982489, 10.700160475665713
234, 7.045801860657545, 10.75376576730269
235, 7.511550142271083, 11.231390163737133
236, 7.398235502153092, 11.053390615376951
237, 7.351161473140633, 11.050461641170692
238, 7.456577300368796, 11.130823222098918
239, 7.304248315137931, 11.00339798311396
240, 6.980157182834505, 10.818164206535448
241, 6.494244144104138, 10.198923150066735
242, 6.670968202541599, 10.387069684985157
243, 6.436080600813979, 10.214442060349752
244, 6.341825533353566, 10.04370803606777
245, 6.235726881983572, 10.030491974399954
246, 6.399689594779046, 10.104757879547922
247, 6.380891805126776, 10.105913733790375
248, 6.333818058200381, 10.155429410168699
249, 6.519274861975446, 10.14149145850519
250, 6.343649148752511, 10.122081836329087
251, 6.467344598393765, 10.136334005722027
252, 6.303459279109103, 10.101821340688513
253, 6.412959439037342, 10.085991746694253
254, 6.327300681332187, 10.057586981615735
255, 6.431723027125015, 10.144040427645914
256, 6.680599301127288, 10.231039246986473
257, 6.9687257486368965, 10.390085488290758
258, 6.344422364767962, 10.134645821589887
259, 6.535605315487702, 10.339627770070805
260, 6.426130990533713, 10.197492369319333
261, 6.334714097165814, 10.113499636227312
262, 6.496448334954897, 10.199585691953121
263, 6.436521632446078, 10.180023196208479
264, 6.550717427532825, 10.260063383424944
265, 6.478794781693841, 10.196444568644178
266, 6.288977078129801, 10.1066042024452
267, 6.442423220207823, 10.178676397458098
268, 6.434989775658984, 10.178933255689167
269, 6.397873493100735, 10.152899147451283
270, 6.4347181637551785, 10.21600934651816
271, 6.422723189024897, 10.14333302637484
272, 6.570560295355596, 10.252267915258221
273, 6.47443607093472, 10.161320326075755
274, 6.388618984213451, 10.169523544913831
275, 6.366150039065486, 10.150692775824027
276, 6.339851216767029, 10.125846330279577
277, 6.337546717026763, 10.126718780298198
278, 6.393944460866149, 10.16765866551913
279, 6.3311819874808535, 10.138500410011098
280, 6.320455250912954, 10.119323698818532
281, 6.319753044885186, 10.127759229717189
282, 6.1993201927904495, 10.063270236721173
283, 6.368355195080962, 10.163591523071835
284, 6.419229971749428, 10.177712175325917
285, 6.655526760384243, 10.309170006772545
286, 6.365904952784249, 10.128713152495346
287, 6.373639738063107, 10.142537887390786
288, 6.435873052657386, 10.155309073793326
289, 6.285683148079503, 10.09229210860186
290, 6.415020708689551, 10.161690095402655
291, 6.377045495361736, 10.139245253184336
292, 6.6653135956937755, 10.270904522886688
293, 6.734444308778865, 10.139224026229304
294, 6.316424760166967, 10.098870482375675
295, 6.502547407897725, 10.164986178413246
296, 6.470082670597225, 10.16810426440794
297, 6.461160316344746, 10.140646962767352
298, 6.486109180394225, 10.147022117415043
299, 6.409535224836689, 10.155843373758222
300, 11.307950161714889, 14.523202108901167, 12.89114726602278
301, 9.048217124270192, 12.601475970122115, 7.351885276922786
302, 6.731528532004438, 10.409156283565762, 0.784600204538642
303, 6.429408172130025, 10.194220641821278, 0.6198012099275896
304, 6.757775940630531, 10.318040276319332, 0.6557438524302001
305, 8.171540364872971, 10.991610586737588, 3.561076159421394
306, 9.404107110004276, 11.651678417652956, 5.91576690057807
307, 9.274218925359477, 11.556764210646392, 5.259817989418846
308, 7.817702978519071, 10.813760750224468, 2.6608309129306305
309, 7.641390593951472, 10.675552870916421, 2.415746406924943
310, 6.4408878569782555, 10.115137254784763, 0.3960381232918794
311, 6.587070729680459, 10.166006569354154, 0.20492422502470642
312, 6.481202158836441, 10.100710649252171, 0.1248528137423857
313, 6.504867841185253, 10.122893288200652, 0.04
314, 6.531045388954917, 10.135237838582297, 0.38485281374238567
315, 6.662798794681878, 10.197144915569654, 0.8590773172916228
316, 6.4841007219081925, 10.100365665857543, 0.43442698703476723
317, 6.6610444719237725, 10.19292156812897, 0.3518266110488464
318, 6.452632174928391, 10.088094452714106, 0.1048528137423857
319, 6.58385949443131, 10.156483771208073, 0.40977703876709215
320, 6.469264087064051, 10.090084445331085, 0.3970205537395103
321, 6.653260454250949, 10.16395776704674, 0.2673149262547389
322, 6.5318045048163755, 10.09296643793221, 0.35455844122715713
323, 6.712119075730198, 10.07640027779482, 0.5448528137423857
324, 6.655888097993253, 10.085233018434419, 0.45189933842080926
325, 6.933883493381002, 10.065063129385056, 1.0685200363916143
326, 6.801053370859144, 10.139175759066728, 0.5048528137423857
327, 6.923639949763302, 10.138561705032696, 0.7179898987322333
328, 6.965983140398471, 10.120435766141146, 0.8414213562373095
329, 6.70687946152334, 10.054220108290771, 0.8887884379679296
330, 6.97988777922475, 10.156751386401229, 1.6798188991109402
331, 7.003700328934126, 10.107359829759062, 0.9194938298937632
332, 6.903518360931079, 10.077043949341732, 2.325651712787511
333, 6.870808799584321, 10.037962627527092, 1.0392087714840126
334, 6.84680593609984, 10.1935712335678, 0.6289271459498713
335, 7.192004007701676, 10.313124777349469, 1.0548637253906672
336, 6.996427385117803, 10.06303796987082, 1.1089969738930046
337, 7.014733410704891, 10.115930489381784, 1.1848327316113407
338, 7.084551645572701, 10.111150409549209, 1.026332495807108
339, 7.196382732328119, 10.193195360714917, 1.3667895831621093
340, 7.083144433239153, 10.110162677014607, 1.026332495807108
341, 7.169072047835593, 10.167113635757119, 1.152664991614216
342, 7.177021997116899, 10.169011971008256, 1.218997487421324
343, 7.037457476719246, 10.078564010515693, 1.5023504190559556
344, 7.075194483957847, 10.10826434176347, 0.96
345, 7.133277628176697, 10.13133095772596, 1.092664991614216
346, 7.016962875620912, 10.078246780524763, 1.5916694687324435
347, 7.119779650565711, 10.121660951608034, 1.0463324958071079
348, 7.163524019505912, 10.159341964890329, 1.172664991614216
349, 7.130607750639106, 10.14595663370057, 1.165329983228432
350, 7.128414907311029, 10.140224417478876, 1.3990517419690423
351, 7.078843434305473, 10.103462637637888, 1.260688453548735
352, 7.12789675662825, 10.142600064131445, 1.1512567208318145
353, 7.12622753150472, 10.146864148637343, 1.4891286328157463
354, 7.084565789476462, 10.109174944480003, 1.0463324958071079
355, 7.153420521499063, 10.177716791913934, 1.2047051531370447
356, 7.077377653237258, 10.106398028683198, 1.2061754662921376
357, 7.08851909455653, 10.125798215486833, 1.0356145281098632
358, 7.100856383162794, 10.156689667673783, 1.1045067380998221
359, 7.152157180788988, 10.184326214523685, 1.108794608319461
360, 7.280483018828588, 10.27585653584515, 1.3618807323022306
361, 7.041552250757803, 10.106393810224612, 1.3133845355256557
362, 7.021569367438996, 10.139245606727865, 0.9126649916142159
363, 7.05415536595567, 10.121929198459226, 0.9146410161513775
364, 7.11998276642988, 10.134338969071935, 1.1735104746779215
365, 7.113685269668809, 10.159714689414834, 1.1345150769991117
366, 7.155403715865921, 10.195321070164074, 1.3021750716200944
367, 6.855192692602039, 10.062265372662061, 0.8815339366124404
368, 6.951776872602355, 10.073459370500608, 1.3185110926483625
369, 6.877152987181318, 10.11023502353994, 0.6546410161513775
370, 6.898655468816812, 10.132212126403555, 0.7287946083194612
371, 6.899783042550966, 10.184579929585542, 1.0195940377887962
372, 6.550175606793817, 10.129526915187775, 0.21638263819321518
373, 6.894542121872739, 10.348686669805625, 1.0746162144910931
374, 6.705326677656669, 10.134090552275113, 0.5121677399971246
375, 6.531024591385264, 10.12471828621358, 0.1032455532033676
376, 6.48074069840786, 10.099504938362077, 0.0
377, 6.48074069840786, 10.099504938362077, 0.0
378, 6.509955172508666, 10.118844950597929, 0.1264911064067352
379, 6.495347935458263, 10.109174944480003, 0.0632455532033676
380, 6.60823152987416, 10.166927737032063, 0.3708920622133697
381, 6.518159009955372, 10.15159491086725, 0.3666060555964672
382, 6.495347935458263, 10.109174944480003, 0.0632455532033676
383, 6.737445804111577, 10.263690381506363, 0.35594446385401857
384, 6.6523544665221275, 10.278942714820209, 1.0132347789297347
385, 6.510547989480495, 10.186801386344078, 0.4775849720982578
386, 6.532152448315063, 10.158534943332956, 0.24654858100160118
387, 6.597363444922369, 10.220842497033178, 0.33937702914903967
388, 6.510899626879601, 10.138363292696022, 0.0
389, 6.48205763010202, 10.11313260736989, 0.20199009876724155
390, 6.491251940577057, 10.116036012630257, 0.0
391, 6.502913677670493, 10.149903319068965, 0.2421309914033508
392, 6.512433583397484, 10.171319996418195, 0.17888543819998318
393, 6.532658960299416, 10.166378960725076, 0.2115872990456955
394, 6.489891231346037, 10.105416983691487, 0.08485281374238571
395, 6.483790876053919, 10.101475620138547, 0.0282842712474619
396, 6.4968818919761455, 10.142131648202175, 0.2421309914033508
397, 6.48074069840786, 10.099504938362077, 0.0
398, 6.48074069840786, 10.099504938362077, 0.0
399, 6.489822661748267, 10.109247291005335, 0.0282842712474619
