Gen,OccurrenceRate
0,1.0000
1,1.0000
2,1.0000
3,1.0000
4,1.0000
5,1.0000
6,1.0000
7,1.0000
8,1.0000
9,1.0000
10,1.0000
11,1.0000
12,1.0000
13,1.0000
14,1.0000
15,1.0000
16,1.0000
17,1.0000
18,1.0000
19,1.0000
20,1.0000
21,1.0000
22,1.0000
23,1.0000
24,1.0000
25,1.0000
26,1.0000
27,1.0000
28,1.0000
29,1.0000
30,1.0000
31,1.0000
32,1.0000
33,1.0000
34,1.0000
35,1.0000
36,1.0000
37,1.0000
38,1.0000
39,1.0000
40,1.0000
41,1.0000
42,1.0000
43,1.0000
44,1.0000
45,1.0000
46,1.0000
47,1.0000
48,1.0000
49,1.0000
50,1.0000
51,1.0000
52,1.0000
53,1.0000
54,1.0000
55,1.0000
56,1.0000
57,1.0000
58,1.0000
59,1.0000
60,1.0000
61,1.0000
62,1.0000
63,1.0000
64,1.0000
65,1.0000
66,1.0000
67,1.0000
68,1.0000
69,1.0000
70,1.0000
71,1.0000
72,1.0000
73,1.0000
74,1.0000
75,1.0000
76,1.0000
77,1.0000
78,1.0000
79,1.0000
80,1.0000
81,1.0000
82,1.0000
83,1.0000
84,1.0000
85,1.0000
86,1.0000
87,1.0000
88,1.0000
89,1.0000
90,1.0000
91,1.0000
92,1.0000
93,1.0000
94,1.0000
95,1.0000
96,1.0000
97,1.0000
98,1.0000
99,0.0000
100,0.9279
101,0.7806
102,0.7416
103,0.7021
104,0.7229
105,0.7273
106,0.7903
107,0.7185
108,0.6823
109,0.6788
110,0.6818
111,0.6419
112,0.6628
113,0.6682
114,0.6602
115,0.6756
116,0.6864
117,0.6805
118,0.6510
119,0.6545
120,0.6350
121,0.6387
122,0.6343
123,0.6498
124,0.6292
125,0.6289
126,0.6402
127,0.6313
128,0.6268
129,0.6215
130,0.6309
131,0.6449
132,0.6488
133,0.6466
134,0.6340
135,0.6344
136,0.6258
137,0.6146
138,0.6384
139,0.6416
140,0.6458
141,0.6531
142,0.6436
143,0.6514
144,0.6540
145,0.6531
146,0.6609
147,0.6621
148,0.6663
149,0.6547
150,0.6683
151,0.6513
152,0.6444
153,0.6230
154,0.6007
155,0.6179
156,0.6081
157,0.6125
158,0.6111
159,0.6031
160,0.6200
161,0.6123
162,0.6145
163,0.6125
164,0.6056
165,0.6070
166,0.6054
167,0.5847
168,0.6016
169,0.6194
170,0.6101
171,0.5903
172,0.6056
173,0.6173
174,0.6095
175,0.6161
176,0.6250
177,0.6214
178,0.6173
179,0.6324
180,0.6344
181,0.6142
182,0.6291
183,0.6142
184,0.6227
185,0.6235
186,0.6103
187,0.6241
188,0.6175
189,0.6135
190,0.6078
191,0.6241
192,0.6117
193,0.6240
194,0.6245
195,0.6083
196,0.6134
197,0.6183
198,0.6182
199,0.0000
200,0.8099
201,0.6782
202,0.6491
203,0.6323
204,0.6182
205,0.6226
206,0.6066
207,0.6007
208,0.5989
209,0.5998
210,0.6205
211,0.6058
212,0.5819
213,0.5961
214,0.5812
215,0.6026
216,0.6019
217,0.6125
218,0.6211
219,0.5973
220,0.6170
221,0.6179
222,0.6103
223,0.6270
224,0.6219
225,0.6156
226,0.6125
227,0.6094
228,0.6094
229,0.6094
230,0.6188
231,0.6125
232,0.6156
233,0.6063
234,0.6156
235,0.6156
236,0.6156
237,0.6188
238,0.6250
239,0.6188
240,0.6219
241,0.6156
242,0.6219
243,0.6000
244,0.6094
245,0.6219
246,0.6125
247,0.6188
248,0.6156
249,0.6063
250,0.6156
251,0.6063
252,0.6031
253,0.6188
254,0.6125
255,0.6131
256,0.6119
257,0.6094
258,0.6063
259,0.6250
260,0.6094
261,0.6031
262,0.6281
263,0.6156
264,0.6188
265,0.6156
266,0.6094
267,0.6125
268,0.6244
269,0.6219
270,0.6156
271,0.6031
272,0.6000
273,0.6156
274,0.6156
275,0.6156
276,0.5969
277,0.6375
278,0.6289
279,0.6125
280,0.6125
281,0.6156
282,0.6094
283,0.6125
284,0.6063
285,0.6156
286,0.6063
287,0.6094
288,0.6125
289,0.6125
290,0.5906
291,0.6133
292,0.6400
293,0.6188
294,0.6416
295,0.6343
296,0.6478
297,0.6461
298,0.6340
299,0.0000
300,0.8448
301,0.6591
302,0.6490
303,0.6399
304,0.6505
305,0.6527
306,0.6325
307,0.6310
308,0.6248
309,0.5955
310,0.6179
311,0.5923
312,0.6078
313,0.6147
314,0.6060
315,0.6058
316,0.5991
317,0.6059
318,0.6153
319,0.6070
320,0.6182
321,0.6107
322,0.6128
323,0.5705
324,0.6045
325,0.5775
326,0.5876
327,0.6109
328,0.5980
329,0.5950
330,0.5902
331,0.5934
332,0.5916
333,0.5866
334,0.5949
335,0.6111
336,0.5962
337,0.5996
338,0.6305
339,0.6282
340,0.6017
341,0.6172
342,0.6173
343,0.6308
344,0.6133
345,0.6543
346,0.6371
347,0.6423
348,0.6456
349,0.6275
350,0.6242
351,0.6025
352,0.6402
353,0.6224
354,0.6106
355,0.6287
356,0.6413
357,0.6060
358,0.6066
359,0.6421
360,0.6214
361,0.6095
362,0.6249
363,0.6371
364,0.6466
365,0.6480
366,0.6504
367,0.6554
368,0.6219
369,0.6096
370,0.6551
371,0.6208
372,0.6279
373,0.6395
374,0.5979
375,0.5772
376,0.5779
377,0.5588
378,0.5591
379,0.5502
380,0.5356
381,0.5735
382,0.5616
383,0.5688
384,0.5676
385,0.5573
386,0.5596
387,0.5781
388,0.5740
389,0.5620
390,0.5649
391,0.5379
392,0.5453
393,0.5476
394,0.5453
395,0.5504
396,0.5459
397,0.5536
398,0.5465
