Gen,aveSeqRuleSize,aveRouRuleSize,aveOrdRuleSize,avePairSize
0,16,17,0,16
1,14,14,0,14
2,14,13,0,13
3,10,14,0,12
4,15,12,0,13
5,10,11,0,10
6,10,12,0,11
7,12,13,0,12
8,16,15,0,15
9,19,13,0,16
10,21,15,0,18
11,22,14,0,18
12,24,15,0,19
13,24,17,0,20
14,28,17,0,22
15,30,16,0,23
16,29,14,0,21
17,29,14,0,21
18,31,13,0,22
19,33,14,0,23
20,31,11,0,21
21,31,9,0,20
22,31,8,0,19
23,31,8,0,19
24,31,8,0,19
25,29,8,0,18
26,31,9,0,20
27,31,11,0,21
28,32,10,0,21
29,35,11,0,23
30,31,12,0,21
31,29,12,0,20
32,29,12,0,20
33,27,13,0,20
34,26,13,0,19
35,26,13,0,19
36,25,13,0,19
37,25,12,0,18
38,24,13,0,18
39,19,13,0,16
40,20,11,0,15
41,18,13,0,15
42,21,13,0,17
43,25,14,0,19
44,26,14,0,20
45,34,13,0,23
46,35,14,0,24
47,43,14,0,28
48,43,14,0,28
49,43,15,0,29
50,43,17,0,30
51,43,16,0,29
52,43,16,0,29
53,41,15,0,28
54,42,15,0,28
55,42,16,0,29
56,49,21,0,35
57,53,22,0,37
58,53,22,0,37
59,56,22,0,39
60,59,22,0,40
61,61,22,0,41
62,61,22,0,41
63,62,23,0,42
64,63,24,0,43
65,63,24,0,43
66,63,24,0,43
67,63,23,0,43
68,65,23,0,44
69,65,22,0,43
70,66,21,0,43
71,66,21,0,43
72,70,23,0,46
73,71,24,0,47
74,71,24,0,47
75,70,25,0,47
76,71,25,0,48
77,71,25,0,48
78,71,25,0,48
79,70,24,0,47
80,70,25,0,47
81,69,25,0,47
82,71,25,0,48
83,70,25,0,47
84,70,25,0,47
85,64,25,0,44
86,63,24,0,43
87,62,24,0,43
88,61,25,0,43
89,62,24,0,43
90,62,24,0,43
91,63,24,0,43
92,62,25,0,43
93,62,24,0,43
94,62,24,0,43
95,63,24,0,43
96,60,24,0,42
97,55,25,0,40
98,58,24,0,41
99,64,24,0,44
100,22,22,0,22
101,29,22,0,25
102,51,28,0,39
103,61,25,0,43
104,54,25,0,39
105,62,25,0,43
106,62,24,0,43
107,62,24,0,43
108,64,23,0,43
109,66,24,0,45
110,75,23,0,49
111,79,20,0,49
112,90,24,0,57
113,94,23,0,58
114,98,22,0,60
115,91,24,0,57
116,95,25,0,60
117,95,31,0,63
118,97,37,0,67
119,99,48,0,73
120,97,48,0,72
121,99,48,0,73
122,98,48,0,73
123,98,48,0,73
124,97,49,0,73
125,94,48,0,71
126,94,49,0,71
127,93,50,0,71
128,93,50,0,71
129,93,50,0,71
130,93,49,0,71
131,97,49,0,73
132,93,50,0,71
133,95,50,0,72
134,96,50,0,73
135,95,48,0,71
136,96,49,0,72
137,95,49,0,72
138,95,48,0,71
139,97,48,0,72
140,97,48,0,72
141,97,49,0,73
142,97,49,0,73
143,100,49,0,74
144,96,48,0,72
145,97,48,0,72
146,98,49,0,73
147,101,48,0,74
148,99,48,0,73
149,99,47,0,73
150,104,49,0,76
151,96,46,0,71
152,95,46,0,70
153,92,42,0,67
154,87,39,0,63
155,81,38,0,59
156,81,39,0,60
157,82,39,0,60
158,81,39,0,60
159,78,41,0,59
160,81,41,0,61
161,81,40,0,60
162,81,40,0,60
163,81,39,0,60
164,80,40,0,60
165,68,45,0,56
166,83,42,0,62
167,70,43,0,56
168,63,44,0,53
169,63,45,0,54
170,63,45,0,54
171,63,44,0,53
172,63,45,0,54
173,63,45,0,54
174,63,45,0,54
175,62,47,0,54
176,63,47,0,55
177,63,48,0,55
178,63,48,0,55
179,63,48,0,55
180,63,47,0,55
181,64,46,0,55
182,58,48,0,53
183,60,47,0,53
184,57,48,0,52
185,57,48,0,52
186,51,48,0,49
187,56,48,0,52
188,55,49,0,52
189,55,48,0,51
190,57,48,0,52
191,56,50,0,53
192,56,49,0,52
193,55,49,0,52
194,54,46,0,50
195,55,49,0,52
196,57,50,0,53
197,57,50,0,53
198,55,51,0,53
199,55,51,0,53
200,24,24,0,24
201,29,31,0,30
202,43,41,0,42
203,26,39,0,32
204,27,30,0,28
205,34,23,0,28
206,43,23,0,33
207,46,26,0,36
208,48,26,0,37
209,43,23,0,33
210,42,26,0,34
211,33,26,0,29
212,34,25,0,29
213,33,25,0,29
214,33,25,0,29
215,33,24,0,28
216,33,29,0,31
217,33,29,0,31
218,33,28,0,30
219,34,29,0,31
220,32,28,0,30
221,32,28,0,30
222,32,28,0,30
223,32,30,0,31
224,32,30,0,31
225,33,28,0,30
226,33,28,0,30
227,33,29,0,31
228,33,30,0,31
229,33,33,0,33
230,33,31,0,32
231,33,34,0,33
232,33,39,0,36
233,33,36,0,34
234,33,35,0,34
235,33,37,0,35
236,33,38,0,35
237,33,36,0,34
238,32,34,0,33
239,33,34,0,33
240,33,35,0,34
241,33,40,0,36
242,33,38,0,35
243,33,38,0,35
244,33,36,0,34
245,33,38,0,35
246,33,36,0,34
247,33,34,0,33
248,33,33,0,33
249,33,32,0,32
250,33,30,0,31
251,32,32,0,32
252,30,33,0,31
253,28,34,0,31
254,24,31,0,27
255,24,32,0,28
256,27,32,0,29
257,26,32,0,29
258,22,33,0,27
259,28,33,0,30
260,25,33,0,29
261,22,33,0,27
262,25,33,0,29
263,29,31,0,30
264,31,30,0,30
265,30,30,0,30
266,33,31,0,32
267,33,34,0,33
268,33,32,0,32
269,33,35,0,34
270,33,33,0,33
271,33,33,0,33
272,33,32,0,32
273,33,31,0,32
274,33,31,0,32
275,33,31,0,32
276,33,31,0,32
277,33,31,0,32
278,33,32,0,32
279,33,32,0,32
280,33,33,0,33
281,33,33,0,33
282,33,31,0,32
283,33,30,0,31
284,33,30,0,31
285,33,30,0,31
286,32,30,0,31
287,33,30,0,31
288,33,29,0,31
289,33,30,0,31
290,33,32,0,32
291,33,33,0,33
292,33,36,0,34
293,32,36,0,34
294,32,37,0,34
295,29,37,0,33
296,32,37,0,34
297,41,35,0,38
298,43,35,0,39
299,46,35,0,40
300,26,20,0,23
301,27,28,0,27
302,38,37,0,37
303,46,35,0,40
304,46,35,0,40
305,44,35,0,39
306,42,36,0,39
307,41,37,0,39
308,44,37,0,40
309,42,38,0,40
310,46,38,0,42
311,46,39,0,42
312,46,39,0,42
313,46,39,0,42
314,48,40,0,44
315,48,41,0,44
316,47,38,0,42
317,46,42,0,44
318,46,44,0,45
319,46,44,0,45
320,45,42,0,43
321,46,42,0,44
322,48,40,0,44
323,48,42,0,45
324,49,38,0,43
325,49,38,0,43
326,49,37,0,43
327,48,36,0,42
328,49,37,0,43
329,48,36,0,42
330,48,32,0,40
331,48,34,0,41
332,49,32,0,40
333,49,34,0,41
334,47,35,0,41
335,49,37,0,43
336,50,38,0,44
337,50,37,0,43
338,51,39,0,45
339,51,39,0,45
340,50,38,0,44
341,51,40,0,45
342,51,41,0,46
343,51,38,0,44
344,51,39,0,45
345,50,40,0,45
346,50,40,0,45
347,50,40,0,45
348,51,40,0,45
349,52,39,0,45
350,52,37,0,44
351,53,39,0,46
352,52,38,0,45
353,52,38,0,45
354,53,40,0,46
355,51,41,0,46
356,47,39,0,43
357,41,38,0,39
358,40,38,0,39
359,41,40,0,40
360,41,39,0,40
361,37,36,0,36
362,40,39,0,39
363,36,37,0,36
364,38,37,0,37
365,41,35,0,38
366,37,37,0,37
367,37,33,0,35
368,37,37,0,37
369,34,39,0,36
370,35,41,0,38
371,34,39,0,36
372,31,37,0,34
373,25,38,0,31
374,30,44,0,37
375,34,50,0,42
376,34,51,0,42
377,32,51,0,41
378,34,53,0,43
379,35,53,0,44
380,33,52,0,42
381,35,51,0,43
382,34,51,0,42
383,33,53,0,43
384,35,56,0,45
385,35,56,0,45
386,36,56,0,46
387,36,55,0,45
388,35,55,0,45
389,35,56,0,45
390,35,57,0,46
391,35,59,0,47
392,38,58,0,48
393,44,59,0,51
394,43,60,0,51
395,43,61,0,52
396,43,60,0,51
397,43,60,0,51
398,43,60,0,51
399,43,60,0,51
