Gen,threshold0,threshold1
100, 0.0, 1.0
101, 0.0, 1.0
102, 0.0, 1.0
103, 0.0, 1.0
104, 0.0, 1.0
105, 0.0, 1.0
106, 0.0, 1.0
107, 0.0, 1.0
108, 1.0, 1.0
109, 1.0, 1.0
110, 1.0, 1.0
111, 1.0, 1.0
112, 1.0, 1.0
113, 1.0, 1.0
114, 1.0, 1.0
115, 1.0, 1.0
116, 1.0, 1.0
117, 1.0, 1.0
118, 1.0, 1.0
119, 1.0, 1.0
120, 1.0, 1.0
121, 1.0, 1.0
122, 1.0, 1.0
123, 1.0, 1.0
124, 1.0, 1.0
125, 1.0, 1.0
126, 1.0, 1.0
127, 1.0, 1.0
128, 1.0, 1.0
129, 1.0, 1.0
130, 1.0, 1.0
131, 1.0, 1.0
132, 1.0, 1.0
133, 1.0, 1.0
134, 1.0, 1.0
135, 1.0, 1.0
136, 1.0, 1.0
137, 1.0, 1.0
138, 1.0, 1.0
139, 1.0, 1.0
140, 1.0, 1.0
141, 1.0, 1.0
142, 1.0, 1.0
143, 1.0, 1.0
144, 1.0, 1.0
145, 1.0, 1.0
146, 1.0, 1.0
147, 1.0, 1.0
148, 1.0, 1.0
149, 1.0, 1.0
150, 1.0, 1.0
151, 1.0, 1.0
152, 1.0, 1.0
153, 1.0, 1.0
154, 1.0, 1.0
155, 1.0, 1.0
156, 1.0, 1.0
157, 1.0, 1.0
158, 1.0, 1.0
159, 1.0, 1.0
160, 1.0, 1.0
161, 1.0, 1.0
162, 1.0, 1.0
163, 1.0, 1.0
164, 1.0, 1.0
165, 1.0, 1.0
166, 1.0, 1.0
167, 1.0, 1.0
168, 1.0, 1.0
169, 1.0, 1.0
170, 1.0, 1.0
171, 1.0, 1.0
172, 1.0, 1.0
173, 1.0, 1.0
174, 1.0, 1.0
175, 1.0, 1.0
176, 1.0, 1.0
177, 1.0, 1.0
178, 1.0, 1.0
179, 1.0, 1.0
180, 1.0, 1.0
181, 1.0, 1.0
182, 1.0, 1.0
183, 1.0, 1.0
184, 1.0, 1.0
185, 1.0, 1.0
186, 1.0, 1.0
187, 1.0, 1.0
188, 1.0, 1.0
189, 1.0, 1.0
190, 1.0, 1.0
191, 1.0, 1.0
192, 1.0, 1.0
193, 1.0, 1.0
194, 1.0, 1.0
195, 1.0, 1.0
196, 1.0, 1.0
197, 1.0, 1.0
198, 1.0, 1.0
199, 1.0, 1.0
200, 0.0, 0.0, 1.0
201, 0.0, 0.0, 1.0
202, 0.0, 0.0, 1.0
203, 0.0, 0.0, 1.0
204, 0.0, 0.0, 1.0
205, 0.0, 0.0, 1.0
206, 0.0, 0.0, 1.0
207, 0.5, 0.5, 1.0
208, 0.5, 0.5, 1.0
209, 0.5, 0.5, 1.0
210, 0.5, 0.5, 1.0
211, 0.5, 0.5, 1.0
212, 0.5, 0.5, 1.0
213, 0.5, 0.5, 1.0
214, 0.5, 0.5, 1.0
215, 0.5, 0.5, 1.0
216, 0.5, 0.5, 1.0
217, 0.5, 0.5, 1.0
218, 0.5, 0.5, 1.0
219, 0.5, 0.5, 1.0
220, 0.5, 0.5, 1.0
221, 0.5, 0.5, 1.0
222, 0.5, 0.5, 1.0
223, 0.5, 0.5, 1.0
224, 0.5, 0.5, 1.0
225, 0.5, 0.5, 1.0
226, 0.5, 0.5, 1.0
227, 0.5, 0.5, 1.0
228, 0.5, 0.5, 1.0
229, 0.5, 0.5, 1.0
230, 0.5, 0.5, 1.0
231, 0.5, 0.5, 1.0
232, 0.5, 0.5, 1.0
233, 0.5, 0.5, 1.0
234, 0.5, 0.5, 1.0
235, 0.5, 0.5, 1.0
236, 0.5, 0.5, 1.0
237, 0.5, 0.5, 1.0
238, 0.5, 0.5, 1.0
239, 0.5, 0.5, 1.0
240, 0.5, 0.5, 1.0
241, 0.5, 0.5, 1.0
242, 0.5, 0.5, 1.0
243, 0.5, 0.5, 1.0
244, 0.5, 0.5, 1.0
245, 0.5, 0.5, 1.0
246, 0.5, 0.5, 1.0
247, 0.5, 0.5, 1.0
248, 0.5, 0.5, 1.0
249, 0.5, 0.5, 1.0
250, 0.5, 0.5, 1.0
251, 0.5, 0.5, 1.0
252, 0.5, 0.5, 1.0
253, 0.5, 0.5, 1.0
254, 0.5, 0.5, 1.0
255, 0.5, 0.5, 1.0
256, 0.5, 0.5, 1.0
257, 0.5, 0.5, 1.0
258, 0.5, 0.5, 1.0
259, 0.5, 0.5, 1.0
260, 0.5, 0.5, 1.0
261, 0.5, 0.5, 1.0
262, 0.5, 0.5, 1.0
263, 0.5, 0.5, 1.0
264, 0.5, 0.5, 1.0
265, 0.5, 0.5, 1.0
266, 0.5, 0.5, 1.0
267, 0.5, 0.5, 1.0
268, 0.5, 0.5, 1.0
269, 0.5, 0.5, 1.0
270, 0.5, 0.5, 1.0
271, 0.5, 0.5, 1.0
272, 0.5, 0.5, 1.0
273, 0.5, 0.5, 1.0
274, 0.5, 0.5, 1.0
275, 0.5, 0.5, 1.0
276, 0.5, 0.5, 1.0
277, 0.5, 0.5, 1.0
278, 0.5, 0.5, 1.0
279, 0.5, 0.5, 1.0
280, 0.5, 0.5, 1.0
281, 0.5, 0.5, 1.0
282, 0.5, 0.5, 1.0
283, 0.5, 0.5, 1.0
284, 0.5, 0.5, 1.0
285, 0.5, 0.5, 1.0
286, 0.5, 0.5, 1.0
287, 0.5, 0.5, 1.0
288, 0.5, 0.5, 1.0
289, 0.5, 0.5, 1.0
290, 0.5, 0.5, 1.0
291, 0.5, 0.5, 1.0
292, 0.5, 0.5, 1.0
293, 0.5, 0.5, 1.0
294, 0.5, 0.5, 1.0
295, 0.5, 0.5, 1.0
296, 0.5, 0.5, 1.0
297, 0.5, 0.5, 1.0
298, 0.5, 0.5, 1.0
299, 0.5, 0.5, 1.0
300, 0.0, 0.0, 0.0, 1.0
301, 0.0, 0.0, 0.0, 1.0
302, 0.0, 0.0, 0.0, 1.0
303, 0.0, 0.0, 0.0, 1.0
304, 0.0, 0.0, 0.0, 1.0
305, 0.0, 0.0, 0.0, 1.0
306, 0.3333333333333333, 0.3333333333333333, 0.3333333333333333, 1.0
307, 0.3333333333333333, 0.3333333333333333, 0.3333333333333333, 1.0
308, 0.3333333333333333, 0.3333333333333333, 0.3333333333333333, 1.0
309, 0.3333333333333333, 0.3333333333333333, 0.3333333333333333, 1.0
310, 0.3333333333333333, 0.3333333333333333, 0.3333333333333333, 1.0
311, 0.3333333333333333, 0.3333333333333333, 0.3333333333333333, 1.0
312, 0.3333333333333333, 0.3333333333333333, 0.3333333333333333, 1.0
313, 0.3333333333333333, 0.3333333333333333, 0.3333333333333333, 1.0
314, 0.3333333333333333, 0.3333333333333333, 0.3333333333333333, 1.0
315, 0.3333333333333333, 0.3333333333333333, 0.3333333333333333, 1.0
316, 0.3333333333333333, 0.3333333333333333, 0.3333333333333333, 1.0
317, 0.3333333333333333, 0.3333333333333333, 0.3333333333333333, 1.0
318, 0.3333333333333333, 0.3333333333333333, 0.3333333333333333, 1.0
319, 0.3333333333333333, 0.3333333333333333, 0.3333333333333333, 1.0
320, 0.3333333333333333, 0.3333333333333333, 0.3333333333333333, 1.0
321, 0.3333333333333333, 0.3333333333333333, 0.3333333333333333, 1.0
322, 0.3333333333333333, 0.3333333333333333, 0.3333333333333333, 1.0
323, 0.3333333333333333, 0.3333333333333333, 0.3333333333333333, 1.0
324, 0.3333333333333333, 0.3333333333333333, 0.3333333333333333, 1.0
325, 0.3333333333333333, 0.3333333333333333, 0.3333333333333333, 1.0
326, 0.3333333333333333, 0.3333333333333333, 0.3333333333333333, 1.0
327, 0.3333333333333333, 0.3333333333333333, 0.3333333333333333, 1.0
328, 0.3333333333333333, 0.3333333333333333, 0.3333333333333333, 1.0
329, 0.3333333333333333, 0.3333333333333333, 0.3333333333333333, 1.0
330, 0.3333333333333333, 0.3333333333333333, 0.3333333333333333, 1.0
331, 0.3333333333333333, 0.3333333333333333, 0.3333333333333333, 1.0
332, 0.3333333333333333, 0.3333333333333333, 0.3333333333333333, 1.0
333, 0.3333333333333333, 0.3333333333333333, 0.3333333333333333, 1.0
334, 0.3333333333333333, 0.3333333333333333, 0.3333333333333333, 1.0
335, 0.3333333333333333, 0.3333333333333333, 0.3333333333333333, 1.0
336, 0.3333333333333333, 0.3333333333333333, 0.3333333333333333, 1.0
337, 0.3333333333333333, 0.3333333333333333, 0.3333333333333333, 1.0
338, 0.3333333333333333, 0.3333333333333333, 0.3333333333333333, 1.0
339, 0.3333333333333333, 0.3333333333333333, 0.3333333333333333, 1.0
340, 0.3333333333333333, 0.3333333333333333, 0.3333333333333333, 1.0
341, 0.3333333333333333, 0.3333333333333333, 0.3333333333333333, 1.0
342, 0.3333333333333333, 0.3333333333333333, 0.3333333333333333, 1.0
343, 0.3333333333333333, 0.3333333333333333, 0.3333333333333333, 1.0
344, 0.3333333333333333, 0.3333333333333333, 0.3333333333333333, 1.0
345, 0.3333333333333333, 0.3333333333333333, 0.3333333333333333, 1.0
346, 0.3333333333333333, 0.3333333333333333, 0.3333333333333333, 1.0
347, 0.3333333333333333, 0.3333333333333333, 0.3333333333333333, 1.0
348, 0.3333333333333333, 0.3333333333333333, 0.3333333333333333, 1.0
349, 0.3333333333333333, 0.3333333333333333, 0.3333333333333333, 1.0
350, 0.3333333333333333, 0.3333333333333333, 0.3333333333333333, 1.0
351, 0.3333333333333333, 0.3333333333333333, 0.3333333333333333, 1.0
352, 0.3333333333333333, 0.3333333333333333, 0.3333333333333333, 1.0
353, 0.3333333333333333, 0.3333333333333333, 0.3333333333333333, 1.0
354, 0.3333333333333333, 0.3333333333333333, 0.3333333333333333, 1.0
355, 0.3333333333333333, 0.3333333333333333, 0.3333333333333333, 1.0
356, 0.3333333333333333, 0.3333333333333333, 0.3333333333333333, 1.0
357, 0.3333333333333333, 0.3333333333333333, 0.3333333333333333, 1.0
358, 0.3333333333333333, 0.3333333333333333, 0.3333333333333333, 1.0
359, 0.3333333333333333, 0.3333333333333333, 0.3333333333333333, 1.0
360, 0.3333333333333333, 0.3333333333333333, 0.3333333333333333, 1.0
361, 0.3333333333333333, 0.3333333333333333, 0.3333333333333333, 1.0
362, 0.3333333333333333, 0.3333333333333333, 0.3333333333333333, 1.0
363, 0.3333333333333333, 0.3333333333333333, 0.3333333333333333, 1.0
364, 0.3333333333333333, 0.3333333333333333, 0.3333333333333333, 1.0
365, 0.3333333333333333, 0.3333333333333333, 0.3333333333333333, 1.0
366, 0.3333333333333333, 0.3333333333333333, 0.3333333333333333, 1.0
367, 0.3333333333333333, 0.3333333333333333, 0.3333333333333333, 1.0
368, 0.3333333333333333, 0.3333333333333333, 0.3333333333333333, 1.0
369, 0.3333333333333333, 0.3333333333333333, 0.3333333333333333, 1.0
370, 0.3333333333333333, 0.3333333333333333, 0.3333333333333333, 1.0
371, 0.3333333333333333, 0.3333333333333333, 0.3333333333333333, 1.0
372, 0.3333333333333333, 0.3333333333333333, 0.3333333333333333, 1.0
373, 0.3333333333333333, 0.3333333333333333, 0.3333333333333333, 1.0
374, 0.3333333333333333, 0.3333333333333333, 0.3333333333333333, 1.0
375, 0.3333333333333333, 0.3333333333333333, 0.3333333333333333, 1.0
376, 0.3333333333333333, 0.3333333333333333, 0.3333333333333333, 1.0
377, 0.3333333333333333, 0.3333333333333333, 0.3333333333333333, 1.0
378, 0.3333333333333333, 0.3333333333333333, 0.3333333333333333, 1.0
379, 0.3333333333333333, 0.3333333333333333, 0.3333333333333333, 1.0
380, 0.3333333333333333, 0.3333333333333333, 0.3333333333333333, 1.0
381, 0.3333333333333333, 0.3333333333333333, 0.3333333333333333, 1.0
382, 0.3333333333333333, 0.3333333333333333, 0.3333333333333333, 1.0
383, 0.3333333333333333, 0.3333333333333333, 0.3333333333333333, 1.0
384, 0.3333333333333333, 0.3333333333333333, 0.3333333333333333, 1.0
385, 0.3333333333333333, 0.3333333333333333, 0.3333333333333333, 1.0
386, 0.3333333333333333, 0.3333333333333333, 0.3333333333333333, 1.0
387, 0.3333333333333333, 0.3333333333333333, 0.3333333333333333, 1.0
388, 0.3333333333333333, 0.3333333333333333, 0.3333333333333333, 1.0
389, 0.3333333333333333, 0.3333333333333333, 0.3333333333333333, 1.0
390, 0.3333333333333333, 0.3333333333333333, 0.3333333333333333, 1.0
391, 0.3333333333333333, 0.3333333333333333, 0.3333333333333333, 1.0
392, 0.3333333333333333, 0.3333333333333333, 0.3333333333333333, 1.0
393, 0.3333333333333333, 0.3333333333333333, 0.3333333333333333, 1.0
394, 0.3333333333333333, 0.3333333333333333, 0.3333333333333333, 1.0
395, 0.3333333333333333, 0.3333333333333333, 0.3333333333333333, 1.0
396, 0.3333333333333333, 0.3333333333333333, 0.3333333333333333, 1.0
397, 0.3333333333333333, 0.3333333333333333, 0.3333333333333333, 1.0
398, 0.3333333333333333, 0.3333333333333333, 0.3333333333333333, 1.0
399, 0.3333333333333333, 0.3333333333333333, 0.3333333333333333, 1.0
