Gen,diversitySubpop0
0, 3.7555420852110193
1, 3.364339784668205
2, 3.129618404342516
3, 2.581935183582576
4, 2.1124924229311985
5, 2.1124924229311985
6, 1.7212901223883839
7, 1.0171259814113178
8, 1.0953664415198807
9, 1.0171259814113178
10, 1.1736069016284436
11, 1.4865687420626952
12, 1.4865687420626952
13, 1.4865687420626952
14, 1.9560115027140725
15, 1.3300878218455694
16, 1.4865687420626952
17, 1.7212901223883839
18, 1.3300878218455694
19, 1.643049662279821
20, 1.2518473617370065
21, 0.6259236808685033
22, 0.782404601085629
23, 0.3912023005428146
24, 0.46944276065137747
25, 0.6259236808685033
26, 0.8606450611941919
27, 0.8606450611941919
28, 0.9388855213027548
29, 0.782404601085629
30, 0.5476832207599404
31, 0.8606450611941919
32, 0.5476832207599404
33, 0.46944276065137747
34, 0.7041641409770661
35, 0.9388855213027548
36, 0.3912023005428146
37, 0.782404601085629
38, 0.6259236808685033
39, 1.0953664415198807
40, 0.782404601085629
41, 0.782404601085629
42, 0.8606450611941919
43, 1.0171259814113178
44, 0.782404601085629
45, 1.0171259814113178
46, 0.782404601085629
47, 0.7041641409770661
48, 0.46944276065137747
49, 0.6259236808685033
50, 0.5476832207599404
51, 0.3912023005428146
52, 0.3912023005428146
53, 0.782404601085629
54, 0.6259236808685033
55, 0.782404601085629
56, 0.46944276065137747
57, 0.15648092021712584
58, 0.3912023005428146
59, 0.3129618404342517
60, 0.23472138032568876
61, 0.23472138032568876
62, 0.3912023005428146
63, 0.23472138032568876
64, 0.3912023005428146
65, 0.3912023005428146
66, 0.23472138032568876
67, 0.3129618404342517
68, 0.07824046010856292
69, 0.15648092021712584
70, 0.23472138032568876
71, 0.15648092021712584
72, 0.23472138032568876
73, 0.23472138032568876
74, 0.3129618404342517
75, 0.15648092021712584
76, 0.3129618404342517
77, 0.23472138032568876
78, 0.07824046010856292
79, 0.23472138032568876
80, 0.23472138032568876
81, 0.15648092021712584
82, 0.23472138032568876
83, 0.3129618404342517
84, 0.3129618404342517
85, 0.3912023005428146
86, 0.15648092021712584
87, 0.07824046010856292
88, 0.5476832207599404
89, 0.23472138032568876
90, 0.23472138032568876
91, 0.15648092021712584
92, 0.3129618404342517
93, 0.3129618404342517
94, 0.3129618404342517
95, 0.46944276065137747
96, 0.3129618404342517
97, 0.46944276065137747
98, 0.5476832207599404
99, 0.3129618404342517
100, 3.6773016251024564
101, 2.8948970240168275
102, 1.564809202171258
103, 0.23472138032568876
104, 0.46944276065137747
105, 0.23472138032568876
106, 0.3912023005428146
107, 0.23472138032568876
108, 0.23472138032568876
109, 0.23472138032568876
110, 0.15648092021712584
111, 0.3129618404342517
112, 0.07824046010856292
113, 0.3129618404342517
114, 0.07824046010856292
115, 0.07824046010856292
116, 0.3129618404342517
117, 0.15648092021712584
118, 0.15648092021712584
119, 0.07824046010856292
120, 0.07824046010856292
121, 0.15648092021712584
122, 0.07824046010856292
123, 0.07824046010856292
124, 0.07824046010856292
125, 0.07824046010856292
126, 0.3129618404342517
127, 0.15648092021712584
128, 0.07824046010856292
129, 0.07824046010856292
130, 0.07824046010856292
131, 0.07824046010856292
132, 0.07824046010856292
133, 0.07824046010856292
134, 0.23472138032568876
135, 0.07824046010856292
136, 0.23472138032568876
137, 0.07824046010856292
138, 0.3129618404342517
139, 0.15648092021712584
140, 0.15648092021712584
141, 0.15648092021712584
142, 0.3129618404342517
143, 0.15648092021712584
144, 0.15648092021712584
145, 0.07824046010856292
146, 0.15648092021712584
147, 0.07824046010856292
148, 0.23472138032568876
149, 0.3129618404342517
150, 0.07824046010856292
151, 0.07824046010856292
152, 0.23472138032568876
153, 0.15648092021712584
154, 0.23472138032568876
155, 0.23472138032568876
156, 0.23472138032568876
157, 0.07824046010856292
158, 0.23472138032568876
159, 0.23472138032568876
160, 0.15648092021712584
161, 0.46944276065137747
162, 0.07824046010856292
163, 0.07824046010856292
164, 0.07824046010856292
165, 0.07824046010856292
166, 0.23472138032568876
167, 0.15648092021712584
168, 0.07824046010856292
169, 0.23472138032568876
170, 0.07824046010856292
171, 0.07824046010856292
172, 0.15648092021712584
173, 0.15648092021712584
174, 0.3129618404342517
175, 0.3912023005428146
176, 0.15648092021712584
177, 0.15648092021712584
178, 0.15648092021712584
179, 0.23472138032568876
180, 0.23472138032568876
181, 0.3912023005428146
182, 0.15648092021712584
183, 0.3129618404342517
184, 0.07824046010856292
185, 0.07824046010856292
186, 0.07824046010856292
187, 0.07824046010856292
188, 0.07824046010856292
189, 0.07824046010856292
190, 0.07824046010856292
191, 0.3129618404342517
192, 0.07824046010856292
193, 0.3129618404342517
194, 0.46944276065137747
195, 0.07824046010856292
196, 0.07824046010856292
197, 0.07824046010856292
198, 0.07824046010856292
199, 0.07824046010856292
200, 3.5990611649938935
201, 2.660175643691139
202, 1.0171259814113178
203, 0.7041641409770661
204, 1.0171259814113178
205, 0.782404601085629
206, 0.9388855213027548
207, 0.5476832207599404
208, 0.6259236808685033
209, 0.6259236808685033
210, 0.6259236808685033
211, 0.3129618404342517
212, 0.6259236808685033
213, 0.46944276065137747
214, 0.782404601085629
215, 0.5476832207599404
216, 0.3129618404342517
217, 0.3129618404342517
218, 0.3129618404342517
219, 0.3129618404342517
220, 0.3129618404342517
221, 0.3129618404342517
222, 0.3912023005428146
223, 0.46944276065137747
224, 0.5476832207599404
225, 0.3912023005428146
226, 0.3129618404342517
227, 0.23472138032568876
228, 0.46944276065137747
229, 0.23472138032568876
230, 0.7041641409770661
231, 0.23472138032568876
232, 0.46944276065137747
233, 0.3129618404342517
234, 0.3129618404342517
235, 0.23472138032568876
236, 0.46944276065137747
237, 0.3912023005428146
238, 0.5476832207599404
239, 0.46944276065137747
240, 0.7041641409770661
241, 0.46944276065137747
242, 0.3912023005428146
243, 0.23472138032568876
244, 0.3912023005428146
245, 0.3129618404342517
246, 0.3129618404342517
247, 0.15648092021712584
248, 0.3129618404342517
249, 0.46944276065137747
250, 0.3129618404342517
251, 0.3912023005428146
252, 0.23472138032568876
253, 0.46944276065137747
254, 0.5476832207599404
255, 0.5476832207599404
256, 0.782404601085629
257, 0.8606450611941919
258, 0.3129618404342517
259, 0.5476832207599404
260, 0.46944276065137747
261, 0.23472138032568876
262, 0.7041641409770661
263, 0.6259236808685033
264, 0.5476832207599404
265, 0.46944276065137747
266, 0.3129618404342517
267, 0.46944276065137747
268, 0.3912023005428146
269, 0.3129618404342517
270, 0.3912023005428146
271, 0.5476832207599404
272, 0.3912023005428146
273, 0.23472138032568876
274, 0.6259236808685033
275, 0.46944276065137747
276, 0.5476832207599404
277, 0.3912023005428146
278, 0.5476832207599404
279, 0.46944276065137747
280, 0.3912023005428146
281, 0.5476832207599404
282, 0.3129618404342517
283, 0.3129618404342517
284, 0.3912023005428146
285, 0.3912023005428146
286, 0.3129618404342517
287, 0.3129618404342517
288, 0.3129618404342517
289, 0.3912023005428146
290, 0.3912023005428146
291, 0.3129618404342517
292, 0.46944276065137747
293, 0.46944276065137747
294, 0.46944276065137747
295, 0.3129618404342517
296, 0.3129618404342517
297, 0.3129618404342517
298, 0.3129618404342517
299, 0.3129618404342517
300, 3.4425802447767677
301, 2.660175643691139
302, 0.9388855213027548
303, 0.5476832207599404
304, 0.23472138032568876
305, 0.6259236808685033
306, 0.5476832207599404
307, 1.0171259814113178
308, 0.782404601085629
309, 0.5476832207599404
310, 0.3912023005428146
311, 0.3912023005428146
312, 0.3912023005428146
313, 0.23472138032568876
314, 0.23472138032568876
315, 0.3912023005428146
316, 0.3129618404342517
317, 0.5476832207599404
318, 0.3129618404342517
319, 0.46944276065137747
320, 0.46944276065137747
321, 0.3912023005428146
322, 0.3129618404342517
323, 0.23472138032568876
324, 0.46944276065137747
325, 0.3129618404342517
326, 0.23472138032568876
327, 0.3912023005428146
328, 0.3912023005428146
329, 0.46944276065137747
330, 0.7041641409770661
331, 0.46944276065137747
332, 0.8606450611941919
333, 0.3912023005428146
334, 0.46944276065137747
335, 0.6259236808685033
336, 0.3912023005428146
337, 0.6259236808685033
338, 0.3129618404342517
339, 0.3912023005428146
340, 0.23472138032568876
341, 0.3129618404342517
342, 0.23472138032568876
343, 0.3912023005428146
344, 0.23472138032568876
345, 0.23472138032568876
346, 0.46944276065137747
347, 0.23472138032568876
348, 0.23472138032568876
349, 0.23472138032568876
350, 0.46944276065137747
351, 0.3129618404342517
352, 0.46944276065137747
353, 0.3912023005428146
354, 0.15648092021712584
355, 0.46944276065137747
356, 0.3129618404342517
357, 0.46944276065137747
358, 0.46944276065137747
359, 0.6259236808685033
360, 0.6259236808685033
361, 0.5476832207599404
362, 0.5476832207599404
363, 0.46944276065137747
364, 0.3912023005428146
365, 0.46944276065137747
366, 0.46944276065137747
367, 0.3912023005428146
368, 0.3912023005428146
369, 0.3912023005428146
370, 0.3912023005428146
371, 0.3912023005428146
372, 0.46944276065137747
373, 0.8606450611941919
374, 0.46944276065137747
375, 0.3129618404342517
376, 0.07824046010856292
377, 0.07824046010856292
378, 0.15648092021712584
379, 0.15648092021712584
380, 0.3129618404342517
381, 0.15648092021712584
382, 0.15648092021712584
383, 0.3129618404342517
384, 0.7041641409770661
385, 0.3912023005428146
386, 0.3129618404342517
387, 0.3912023005428146
388, 0.15648092021712584
389, 0.23472138032568876
390, 0.23472138032568876
391, 0.3129618404342517
392, 0.23472138032568876
393, 0.3129618404342517
394, 0.15648092021712584
395, 0.15648092021712584
396, 0.23472138032568876
397, 0.07824046010856292
398, 0.07824046010856292
399, 0.23472138032568876
